id,lastModifiedDate,createdAt,integrationName
000cdbaf-4aaa-43e9-a759-e16ec96ac192,1/27/2020 18:59,1/27/2020 18:59,outreach
0011e5ab-f5c1-4a03-916e-2b4bfda695f9,2/8/2018 16:59,2/8/2018 16:59,outreach
00138267-9757-490f-bb7d-e3fa8a19e0b5,3/22/2018 16:54,3/22/2018 16:54,outreach
0014c457-ecc8-4a5b-a116-e2ced4923704,4/11/2018 15:22,4/11/2018 15:22,outreach
0037d18e-64b0-449f-8b02-c5566d2c7869,1/31/2020 14:10,1/31/2020 14:10,outreach
004188e2-a1c4-4139-946c-fae08573d89a,4/3/2018 15:29,4/3/2018 15:29,outreach
005b24bb-3f30-4726-a70d-f493c38d1484,2/15/2018 17:43,2/15/2018 17:43,outreach
006a44c2-1dce-4c8c-a8b7-0d1bcc41e3fd,2/15/2018 16:13,2/15/2018 16:13,outreach
00882026-13fc-4151-8fde-1fadc86ca172,1/30/2020 13:13,1/30/2020 13:13,outreach
008dfbde-8210-49d2-8b51-e594b8742c1b,1/20/2020 15:49,1/20/2020 15:49,outreach
00a54c86-96fd-4667-9a83-b486fe28aa2e,1/15/2020 12:49,1/15/2020 12:49,outreach
00b81f2d-f167-4731-8b01-bf11cf79f144,1/9/2020 16:23,1/9/2020 16:23,outreach
00d4da9b-939d-4af4-86c6-8205f8306c14,1/27/2020 13:18,1/27/2020 13:18,outreach
00d9a961-a26a-4191-8cd0-ec8fad7f5b3a,12/2/2019 13:34,12/2/2019 13:34,outreach
00e2b40a-acd8-4759-97fe-d4a5d55b67cf,2/5/2020 14:28,2/5/2020 14:28,outreach
010fa726-e51a-4390-8a26-6f707dcc0c4b,11/26/2019 15:13,11/26/2019 15:13,outreach
0112a6a5-8c56-4868-8cce-100342f3cf7c,12/20/2019 19:01,12/20/2019 19:01,outreach
0123e457-5d78-4bdb-8be2-9e8636cb47c1,8/6/2018 15:04,8/6/2018 15:04,outreach
0136d542-5ff7-4e7e-a9a6-6f067af3c94b,1/13/2020 14:33,1/13/2020 14:33,outreach
013f7113-3c35-4932-80e1-69dde32e8294,1/27/2020 18:59,1/27/2020 18:59,outreach
018172fc-62b2-48b7-9ccb-1943b312fad1,12/20/2019 11:59,12/20/2019 11:59,outreach
018e269d-bfa6-4ad7-8c65-67886375ca46,12/9/2019 17:08,12/9/2019 17:08,outreach
01a1972f-b325-4879-9d16-6dbdc93eb477,1/20/2020 15:50,1/20/2020 15:50,outreach
01be3b16-3a57-4223-902f-9d1d1389d4a9,1/22/2020 15:44,1/22/2020 15:44,outreach
01cc8861-0ac3-41ca-b5f9-f0366605a955,2/3/2020 19:12,2/3/2020 19:12,outreach
022bac77-af1b-4065-a2ca-b95142c29883,12/19/2019 13:36,12/19/2019 13:36,outreach
02397e60-c46f-4f64-a365-82ce120917e3,12/5/2019 13:55,12/5/2019 13:55,outreach
0263f234-12aa-4258-b919-c1c5528b24af,11/26/2019 19:01,11/26/2019 19:01,outreach
027c0e41-240b-444e-b8ee-256bc7ccf59b,10/22/2018 15:56,10/22/2018 15:56,outreach
0282bb60-cadc-424a-8b18-a2514a689333,12/2/2019 16:18,12/2/2019 16:18,outreach
0286fd05-cf24-4a00-8f97-966ce641a315,5/29/2018 16:48,5/29/2018 16:48,outreach
02a8a7c1-5c1a-4109-9682-bb2856e76ba3,12/9/2019 13:02,12/9/2019 13:02,outreach
02bde0f9-4c76-4182-9926-11fee7266e07,1/30/2020 13:12,1/30/2020 13:12,outreach
02d85f60-9e8b-43c9-b55b-66244fa1ee4b,12/19/2019 13:28,12/19/2019 13:28,outreach
02dcaec6-5169-48b7-b835-5cc37e7f13e8,1/30/2020 14:25,1/30/2020 14:25,outreach
0320d4d2-ba80-4327-b02b-9ec69f023e5c,1/9/2020 18:33,1/9/2020 18:33,outreach
032387dc-d519-4a93-ac80-d60e4dad60e4,1/27/2020 13:17,1/27/2020 13:17,outreach
0350f072-2c05-4f01-9322-ea73612d729f,1/21/2020 13:47,1/21/2020 13:47,outreach
03547831-a580-4b3d-961e-dd1c12615252,3/28/2018 16:02,3/28/2018 16:02,outreach
0356e5ac-a78b-4b01-976a-2a82a08cb6d9,12/19/2019 16:10,12/19/2019 16:10,outreach
036f8efc-fd13-4a45-9fb8-4952f4f8829d,12/19/2019 12:45,12/19/2019 12:45,outreach
0389da0b-6c6c-4a5a-9f2b-3559f3fd6ee2,1/31/2018 23:03,1/31/2018 23:03,outreach
03ad094f-3597-4263-8b8b-9d673032cf0c,1/21/2020 16:13,1/21/2020 16:13,outreach
03bf1690-892f-4dda-bc3c-e259a90da77d,3/27/2018 15:36,3/27/2018 15:36,outreach
0400d6ff-0d8e-4b3b-a2f0-1c81bde97cbb,1/27/2020 13:45,1/27/2020 13:45,outreach
0409d186-9163-465f-b6fc-acfb728ae21c,1/30/2020 13:18,1/30/2020 13:18,outreach
043d0da4-7f61-4366-9179-08f4b0093143,1/30/2018 17:31,1/30/2018 17:31,outreach
043ed472-55dc-4446-85c5-c65a033784f3,6/11/2018 15:44,6/11/2018 15:44,outreach
043ffe56-d18a-45bb-bcef-06ff9940f6aa,1/27/2020 13:44,1/27/2020 13:44,outreach
0445e182-0478-4e36-aa67-0693a24fed16,1/13/2020 13:37,1/13/2020 13:37,outreach
04563d8e-1702-49c7-b743-acfd5ff7c35b,2/6/2020 12:50,2/6/2020 12:50,outreach
0459cd0a-95b9-43d1-baac-892e1b474cec,2/21/2018 16:44,2/21/2018 16:44,outreach
047b3cc9-9a20-473c-9d11-9216790a361c,2/4/2020 16:37,2/4/2020 16:37,outreach
04b0f15d-a9ec-4876-aff7-b8e12e215da1,4/10/2018 15:30,4/10/2018 15:30,outreach
04b52db9-c262-40a5-8d95-31f127c3eb8b,12/19/2019 13:39,12/19/2019 13:39,outreach
04e1c51b-4303-477c-890f-1d7ebbb9a04e,1/13/2020 14:30,1/13/2020 14:30,outreach
04e3069b-c2e7-48df-aeba-5d5c25b0cff7,11/26/2019 19:46,11/26/2019 19:46,outreach
053b4867-66db-40f1-9f71-26eeb5cddcb5,5/1/2018 15:41,5/1/2018 15:41,outreach
058b46e0-776c-41d8-b047-735ebf66d5af,12/9/2019 13:02,12/9/2019 13:02,outreach
058d2832-5294-4f61-ae9d-5c86f3d04f8d,12/5/2019 13:56,12/5/2019 13:56,outreach
05955298-2333-43a0-a4a4-ad6318549c0d,1/16/2020 13:26,1/16/2020 13:26,outreach
05a21859-150b-477a-ac0b-5ab36a48c586,1/21/2020 13:46,1/21/2020 13:46,outreach
05a60810-3d0f-4032-a041-58bf3a3c8a65,4/5/2018 15:56,4/5/2018 15:56,outreach
05ba3a31-f00f-4fce-a108-fc3a3fa56517,11/25/2019 15:53,11/25/2019 15:53,outreach
05bbea37-f4cb-4518-8cfa-bbb7225ff517,1/13/2020 14:27,1/13/2020 14:27,outreach
05cee325-aee7-47fd-9c83-6982e3040e45,1/16/2020 13:26,1/16/2020 13:26,outreach
05d8c0ce-577a-4b6c-a44e-ee11c4abf8d9,1/20/2020 15:52,1/20/2020 15:52,outreach
05e8f4c9-57cd-4ae6-aa92-18ee649b023d,2/3/2020 21:23,2/3/2020 21:23,outreach
05f3520d-76f8-4b1f-81d4-c4d62900b121,1/24/2020 18:47,1/24/2020 18:47,outreach
060c0b8c-803c-40d9-ad04-7cab4ebc6ab4,1/30/2020 16:58,1/30/2020 16:58,outreach
060c382a-5fba-4f72-919c-5a99a021cefc,2/6/2020 12:55,2/6/2020 12:55,outreach
060fe20f-a80b-4d25-86a4-b75d41927347,2/3/2020 19:15,2/3/2020 19:15,outreach
061fb280-1212-492a-81e2-48adcde75c95,12/19/2019 13:00,12/19/2019 13:00,outreach
0620fd24-e8c8-4b71-921a-303829322301,1/30/2020 13:16,1/30/2020 13:16,outreach
062d2966-bfad-459a-a150-06dfbd3282f2,12/9/2019 17:10,12/9/2019 17:10,outreach
0634b963-5a6c-4a6f-a699-ca6c45d04931,1/27/2020 13:20,1/27/2020 13:20,outreach
0646f131-8245-454d-86a8-cf63d20c5c4a,11/25/2019 15:54,11/25/2019 15:54,outreach
0647bfe9-773e-4174-bc87-269ee5e2f4f0,2/4/2020 16:10,2/4/2020 16:10,outreach
0648f8ee-5459-40f7-bbc0-3c62d8756030,1/17/2020 14:55,1/17/2020 14:55,outreach
0668a24f-148d-4a8d-85db-03baa8e9b6a9,1/27/2020 19:00,1/27/2020 19:00,outreach
0679a35e-2db2-4514-b661-79da1997eb7b,2/16/2018 17:13,2/16/2018 17:13,outreach
069af0a5-5e5e-4b7a-8e75-6dc4662d3722,11/25/2019 15:21,11/25/2019 15:21,outreach
06a5061e-1da9-49f9-a86b-352d958157c4,1/30/2018 16:47,1/30/2018 16:47,outreach
06eb0476-a18a-454c-ba39-0d72bc113223,3/22/2018 16:54,3/22/2018 16:54,outreach
0704f631-fcfa-452b-904b-3ef58ba15bf0,3/13/2018 16:50,3/13/2018 16:50,outreach
071b7464-2d62-42f5-9f00-ee885c08876d,2/6/2020 12:48,2/6/2020 12:48,outreach
073987a1-eb35-4bf8-9630-d0a1357ff0d2,1/13/2020 14:35,1/13/2020 14:35,outreach
075771ca-0cce-4c32-8fc3-ada919195c1a,1/6/2020 15:32,1/6/2020 15:32,outreach
075d5ca1-863e-4201-9e83-8bbe1546e9d7,1/13/2020 14:22,1/13/2020 14:22,outreach
079af04d-897d-44f7-a82a-bd1d681b8066,12/30/2019 14:15,12/30/2019 14:15,outreach
07a90748-cc14-4791-9569-1f5d1dace39d,6/1/2018 16:21,6/1/2018 16:21,outreach
07c34785-504b-46ef-9e90-7c262c2f45b9,12/2/2019 14:13,12/2/2019 14:13,outreach
07c87ee4-9353-4d43-98d3-350ed4d9892a,11/26/2019 19:20,11/26/2019 19:20,outreach
07d9192b-2078-4cea-94dd-ee99feaa1ff2,2/1/2018 1:13,2/1/2018 1:13,outreach
07e3fae0-cda1-492b-be35-451498270959,11/25/2019 15:38,11/25/2019 15:38,outreach
07fb015f-e023-4cda-ab3c-7217c2f9cc08,12/2/2019 16:50,12/2/2019 16:50,outreach
07fbaeae-2378-4c79-b110-70cc8293a333,2/5/2020 14:43,2/5/2020 14:43,outreach
08160abc-fe1b-447b-bc53-e22bc066fd93,1/17/2020 14:51,1/17/2020 14:51,outreach
082961e5-7821-44f5-992b-4db7b4ca235d,12/9/2019 13:04,12/9/2019 13:04,outreach
082d7398-20a2-4651-acbc-946e9a783b83,1/20/2020 20:46,1/20/2020 20:46,outreach
08321b75-8759-4816-8a55-27d8777ae044,1/21/2020 13:45,1/21/2020 13:45,outreach
0867c55d-e303-4d3f-aa9b-b57bf2f12585,1/27/2020 13:35,1/27/2020 13:35,outreach
0877b243-e5ac-4891-9d2b-cf3d9584e9c9,4/13/2018 16:44,4/13/2018 16:44,outreach
08791303-0a6c-45a1-8f01-bc463feabdec,1/17/2020 14:51,1/17/2020 14:51,outreach
089f4767-2a37-4663-9fca-7b1ee6ed0efd,3/7/2018 16:30,3/7/2018 16:30,outreach
08a8ad0c-5f16-4418-a477-a60694b34782,12/2/2019 14:05,12/2/2019 14:05,outreach
08f05ed6-773e-4a13-9f6e-8a4ca658796d,1/9/2020 16:17,1/9/2020 16:17,outreach
090a92ba-7696-4c00-8458-582ebe09416d,1/27/2020 13:44,1/27/2020 13:44,outreach
090aa977-ceca-46d7-9b1b-e25a4dd9e65f,2/16/2018 16:58,2/16/2018 16:58,outreach
09280d08-82f2-44b3-9b70-68c3e7178afe,1/7/2020 13:30,1/7/2020 13:30,outreach
092c98cb-a9a1-4795-9ff1-9746a570e8a8,1/21/2020 16:04,1/21/2020 16:04,outreach
093e8017-519a-4cd1-8c73-790319c4797f,2/21/2018 16:48,2/21/2018 16:48,outreach
0961d97a-db93-4e82-8d5e-8e70d082bf97,2/15/2018 17:43,2/15/2018 17:43,outreach
096b355a-5f67-4a61-8e41-7a545893beb2,12/9/2019 17:07,12/9/2019 17:07,outreach
097ff4c8-fbb4-41cb-9b46-7b4e57958176,12/9/2019 13:03,12/9/2019 13:03,outreach
098ee9cd-2484-4d49-8c51-ff836f276eda,12/26/2019 13:26,12/26/2019 13:26,outreach
0995f859-4319-4034-b3a0-f86826d30acc,1/21/2020 13:46,1/21/2020 13:46,outreach
09a5c0bf-de6a-40d2-bb6e-f8ac3613b90e,1/21/2020 13:30,1/21/2020 13:30,outreach
09dbe365-e08e-482b-afa2-0ad93d1bca15,12/9/2019 13:03,12/9/2019 13:03,outreach
09f154a8-667b-448d-969f-82e7284e77d5,12/9/2019 17:08,12/9/2019 17:08,outreach
0a1663cd-af38-45e9-9a90-7595554dde20,3/20/2018 16:36,3/20/2018 16:36,outreach
0a3ac764-7580-4e37-8a00-986da7d752c6,2/28/2018 17:10,2/28/2018 17:10,outreach
0a5185b8-44e8-4374-ba4a-b80d751dd328,12/9/2019 13:04,12/9/2019 13:04,outreach
0a59abf1-10b6-4992-94ab-802c1c7b5160,12/2/2019 14:13,12/2/2019 14:13,outreach
0a844616-f7c7-47b0-9cbc-21ba55670f4c,12/30/2019 13:34,12/30/2019 13:34,outreach
0a9021df-394d-4467-9e16-08d2daa16de2,6/1/2018 16:18,6/1/2018 16:18,outreach
0a94d3d3-ab57-4c67-9e16-4b708fdfd43b,11/26/2019 15:08,11/26/2019 15:08,outreach
0a9675b0-e12c-45ed-9793-2bbc6126a490,1/30/2020 13:14,1/30/2020 13:14,outreach
0ab182eb-4490-4d69-a0ab-f809ed575fd4,4/17/2018 15:24,4/17/2018 15:24,outreach
0ad4bc24-950a-443a-94e0-0d484052a6a4,2/14/2018 16:58,2/14/2018 16:58,outreach
0ae0e5ad-54ad-4075-a247-3121ecab2898,1/30/2020 13:16,1/30/2020 13:16,outreach
0aea48c8-966f-449a-a007-ec9a2b3a3117,2/5/2020 11:36,2/5/2020 11:36,outreach
0aef55b7-4793-4353-bfbb-c901dc56f9c8,4/4/2018 18:37,4/4/2018 18:37,outreach
0b0d6ada-8bf4-4097-ac90-6273faab8c8b,1/20/2020 21:07,1/20/2020 21:07,outreach
0b150445-930f-42a4-ad15-3cba21c968bc,1/21/2020 16:00,1/21/2020 16:00,outreach
0b3ccedb-7183-4a8c-9f54-1b509ca5f460,4/10/2018 16:42,4/10/2018 16:42,outreach
0b5f2f88-7f29-472d-b0df-fc07be8b55a6,1/13/2020 20:02,1/13/2020 20:02,outreach
0b6c2d8a-f2e1-4bdb-9771-f89b54fdc03b,1/22/2020 16:14,1/22/2020 16:14,outreach
0b883115-15a2-4dd5-bb73-d764cc4ff7d1,1/2/2020 15:20,1/2/2020 15:20,outreach
0b8eb796-e5da-47ce-a029-7b69491ad0bb,1/6/2020 15:28,1/6/2020 15:28,outreach
0bb30af0-2042-4806-9107-5cadc2cc08fa,12/9/2019 18:46,12/9/2019 18:46,outreach
0bb3ae83-774e-418f-b5aa-d78636825f49,11/25/2019 15:10,11/25/2019 15:10,outreach
0bce26fe-b93a-401a-ad5b-8480d29dac4f,3/27/2018 16:34,3/27/2018 16:34,outreach
0bd86509-e27c-4602-964c-e44a108df52b,1/31/2020 14:55,1/31/2020 14:55,outreach
0bdc2b06-bd66-4854-b18d-26dcb162dcfc,2/8/2018 23:59,2/8/2018 23:59,outreach
0bf7e74d-eb27-47b0-850f-901a0c11bd8c,1/20/2020 20:53,1/20/2020 20:53,outreach
0c041b68-21e2-4945-8524-532213d820f9,1/13/2020 14:24,1/13/2020 14:24,outreach
0c530999-4efb-488a-9b84-0599e29c2188,2/7/2018 16:39,2/7/2018 16:39,outreach
0c60ea25-6cc0-4278-801b-d2c681be36f8,1/6/2020 13:17,1/6/2020 13:17,outreach
0c631993-af17-4617-9251-5f21d8fa8a57,1/30/2020 14:19,1/30/2020 14:19,outreach
0c79d5a0-220f-4ace-a1ee-608e6b2b9a57,3/14/2018 15:51,3/14/2018 15:51,outreach
0c8aefe9-b068-4ff6-b0f3-adb751875ab2,1/30/2020 18:52,1/30/2020 18:52,outreach
0c942c7d-5a94-47e6-8d3e-db587c39b60d,1/21/2020 16:00,1/21/2020 16:00,outreach
0ca16bb3-1bee-498c-9df8-47af3af8c97c,1/13/2020 14:31,1/13/2020 14:31,outreach
0ca57822-7024-42ad-a2fb-ae9d5110c179,12/30/2019 13:32,12/30/2019 13:32,outreach
0cbae6e7-46df-4be6-9794-8890653e1240,1/2/2020 15:45,1/2/2020 15:45,outreach
0cd010d2-6dbe-47d9-b16c-a6ad0d206859,4/24/2018 15:17,4/24/2018 15:17,outreach
0cd5847a-6f38-4fd6-87d9-fbf47b9e9d10,3/1/2018 17:46,3/1/2018 17:46,outreach
0cdf6613-1523-4b07-906b-e8fed83438a9,1/13/2020 13:31,1/13/2020 13:31,outreach
0ce6cba0-e969-4353-8be1-f0f226a7e1b6,12/19/2019 14:06,12/19/2019 14:06,outreach
0cee6b84-31c8-4dfb-8965-c997df4dcd39,12/30/2019 13:46,12/30/2019 13:46,outreach
0cf2228e-a3a3-4785-8e4a-6681dffe1388,12/16/2019 14:23,12/16/2019 14:23,outreach
0cf36ac9-1ac9-4f99-b5a0-0749756e4cdb,1/20/2020 20:58,1/20/2020 20:58,outreach
0cf5b444-9a83-4d7a-b26d-fc7b5beeaed9,12/2/2019 14:06,12/2/2019 14:06,outreach
0d0478fe-1598-4484-b056-fcc0bd427657,12/9/2019 13:03,12/9/2019 13:03,outreach
0d17297d-a7f4-45fe-9f80-b028f3f11b1f,12/2/2019 18:48,12/2/2019 18:48,outreach
0d42a9e9-71b8-464d-ac0f-8e09b6db092b,2/27/2018 16:45,2/27/2018 16:45,outreach
0d58c946-1fdc-4ef2-8470-fcb80a737c9e,12/30/2019 18:22,12/30/2019 18:22,outreach
0d7d404b-5d1b-44b9-b438-93f370b1f882,12/30/2019 13:21,12/30/2019 13:21,outreach
0d9a7ab1-04bb-479d-838c-653b57934b2f,1/30/2020 13:55,1/30/2020 13:55,outreach
0d9eb5ec-8744-4c32-9070-94fdb684af0b,12/2/2019 14:12,12/2/2019 14:12,outreach
0da04a83-c4e9-4d2f-b780-8761a685ddfb,3/7/2018 17:48,3/7/2018 17:48,outreach
0dae66ea-850b-4e32-b096-bc6b8b52fc6b,11/25/2019 14:35,11/25/2019 14:35,outreach
0dc56cf1-4ccc-4d21-be2c-a5a42530ee19,12/9/2019 13:03,12/9/2019 13:03,outreach
0e22c099-28c0-46cf-b6e0-76050025e513,11/26/2019 19:09,11/26/2019 19:09,outreach
0e303940-c5b4-480c-b043-6508458384e3,1/21/2020 15:52,1/21/2020 15:52,outreach
0e3a0576-9325-41d1-b38a-3828956529fc,3/14/2018 15:50,3/14/2018 15:50,outreach
0e48a6ee-612b-4563-87ff-10db702f2a3f,2/1/2018 23:29,2/1/2018 23:29,outreach
0e4c8f6e-2aa8-44a4-8c76-19b49e4eeec3,12/20/2019 19:04,12/20/2019 19:04,outreach
0e650b1b-30d3-4057-9b6a-585d54854b86,12/9/2019 13:02,12/9/2019 13:02,outreach
0eb6a835-7d27-42ff-bba1-91e3d59d3e18,1/30/2020 18:56,1/30/2020 18:56,outreach
0ec350ce-42a4-4b25-a00c-14b7c8015223,2/5/2020 14:26,2/5/2020 14:26,outreach
0eef1dbc-1e6a-4265-8758-24220d6e7bdb,1/20/2020 15:50,1/20/2020 15:50,outreach
0eff02cc-fb0f-4faf-8483-733c7e571ecb,1/20/2020 15:37,1/20/2020 15:37,outreach
0eff80bd-102c-401f-8f1e-5567103dabc8,12/9/2019 13:02,12/9/2019 13:02,outreach
0f013158-9f64-4c5e-917a-e85e0c164040,2/4/2020 16:36,2/4/2020 16:36,outreach
0f0d9855-b1f4-4c0e-8871-88bf17baee1d,1/2/2020 19:40,1/2/2020 19:40,outreach
0f76cb63-f524-42d6-8d85-6be4419dfb1e,12/9/2019 14:11,12/9/2019 14:11,outreach
0f842a51-04ef-4644-a91c-7e2dcb3d65eb,6/11/2018 15:43,6/11/2018 15:43,outreach
0f99d2b6-4637-4214-b8bd-5e361e3a2447,6/1/2018 16:23,6/1/2018 16:23,outreach
0fcdb237-6c58-42ec-a29c-f0ccfb6f18a3,1/21/2020 16:07,1/21/2020 16:07,outreach
0fd519f0-00ff-4805-bfc7-04ad01c70ca5,5/1/2018 15:41,5/1/2018 15:41,outreach
0fdbe319-468c-4da7-8672-e4d67ffcc42d,4/16/2018 16:26,4/16/2018 16:26,outreach
0fe26928-b78c-47cf-a191-b751f1e64380,12/2/2019 13:35,12/2/2019 13:35,outreach
0ff50762-6c92-4d99-8b5e-3c751f0c66ec,1/13/2020 13:44,1/13/2020 13:44,outreach
0ff9ca83-3aeb-4d76-8ed1-e37f7ec3fc3c,12/9/2019 13:05,12/9/2019 13:05,outreach
10005c47-5cbf-4083-a53f-b2b3adf2a80b,1/21/2020 15:56,1/21/2020 15:56,outreach
10116572-a1a6-410b-bb51-4b32870172b6,1/13/2020 14:34,1/13/2020 14:34,outreach
10296c5a-d9af-4f7e-98c5-1e6d57da3f4f,4/18/2018 14:28,4/18/2018 14:28,outreach
1032b575-6644-4253-a22c-e309951d0a69,2/3/2020 21:35,2/3/2020 21:35,outreach
1063e49b-66cc-4bcf-8777-b74b250fa6e4,1/30/2018 16:51,1/30/2018 16:51,outreach
1068646b-a2ac-436b-a838-e677b6182614,1/31/2020 14:18,1/31/2020 14:18,outreach
107c2ed5-6202-40a9-a20c-d07b0c5a8918,3/6/2018 18:03,3/6/2018 18:03,outreach
10bbfb30-a2d4-436b-aeff-43247be03685,3/6/2018 18:05,3/6/2018 18:05,outreach
10bfbdf5-c7f5-485b-91f4-0da72d7843af,1/27/2020 13:20,1/27/2020 13:20,outreach
10dee999-ca6f-4ab3-81e6-fc1ed4ec676d,1/21/2020 16:06,1/21/2020 16:06,outreach
10f34a7f-3ccf-4921-bd15-f164d66dac59,1/27/2020 13:19,1/27/2020 13:19,outreach
11086da3-141b-47e6-a089-8a4b875da6d5,6/11/2018 15:40,6/11/2018 15:40,outreach
11303d70-7b8c-4ca8-88f0-378cabba4705,12/19/2019 14:02,12/19/2019 14:02,outreach
11400dd3-5e82-43af-af6d-f9dcd6311101,1/30/2020 14:25,1/30/2020 14:25,outreach
11429d73-367a-427d-a841-bdf585394129,2/3/2020 19:16,2/3/2020 19:16,outreach
11514b45-5fbe-4be7-9840-387838d32513,9/25/2018 20:01,9/25/2018 20:01,outreach
115c9fef-57cb-4581-800c-8a850056b18a,1/30/2020 14:24,1/30/2020 14:24,outreach
117408be-9bce-4633-a925-bbad5ff677eb,1/13/2020 14:43,1/13/2020 14:43,outreach
1192201e-4c29-45fd-a726-ddbd4eda65e4,12/5/2019 14:02,12/5/2019 14:02,outreach
11b97b0b-8382-4d6c-bb89-6b59d32b8976,12/23/2019 14:39,12/23/2019 14:39,outreach
11bb15e5-1e9c-4fc1-9b0c-601d247092ec,6/5/2018 16:52,6/5/2018 16:52,outreach
11f87eb0-2d26-44d5-8bd7-3a2de997a25d,2/5/2020 14:26,2/5/2020 14:26,outreach
1206f8f0-b0c2-4b42-8a9e-7b125f460c95,12/20/2019 16:39,12/20/2019 16:39,outreach
121952d9-7d9f-43e8-8d42-e0c94c110ca5,11/25/2019 18:03,11/25/2019 18:03,outreach
121dec08-0069-4e86-b7a9-098b9bf10668,12/2/2019 14:15,12/2/2019 14:15,outreach
12307bbd-322d-4e15-ac1b-6e6e3f6f039c,12/16/2019 14:14,12/16/2019 14:14,outreach
12451938-b219-462a-919c-5d6435616a80,1/27/2020 13:31,1/27/2020 13:31,outreach
127131da-d7c5-409e-a46a-055b215e541e,3/22/2018 15:50,3/22/2018 15:50,outreach
1271e579-dd62-4736-86f5-a065be6ca619,6/5/2018 16:52,6/5/2018 16:52,outreach
1282c5a8-0ce5-404b-8330-e6613eff06fd,1/22/2020 15:30,1/22/2020 15:30,outreach
128c20b2-5a1a-412c-a3b3-1db168ca5a0d,12/19/2019 13:24,12/19/2019 13:24,outreach
128c8b23-94f5-4beb-a320-ede679d0e572,1/13/2020 19:39,1/13/2020 19:39,outreach
1292ede1-a82f-4db3-a42f-f13d2c8cb0b4,1/27/2020 13:30,1/27/2020 13:30,outreach
12a04e48-d14f-46a8-8d6b-8378455031d7,2/27/2018 16:42,2/27/2018 16:42,outreach
12b1c577-2bb7-4778-8837-486d97213401,1/13/2020 13:45,1/13/2020 13:45,outreach
12bb3d8d-8dd4-4770-a406-8b305c993ea3,2/1/2018 23:20,2/1/2018 23:20,outreach
12bc357c-7126-46aa-ad6b-e924b37d32cb,12/9/2019 17:08,12/9/2019 17:08,outreach
12c47e59-e043-43cc-a113-602cb85f544d,3/30/2018 16:23,3/30/2018 16:23,outreach
12dd63c0-a99c-4225-a5c5-b1a891e21514,3/15/2018 15:14,3/15/2018 15:14,outreach
1330fe62-4e37-4fcc-a0df-144e3e8b55ca,12/9/2019 13:04,12/9/2019 13:04,outreach
13567896-753c-44ba-97e5-e45bee29baad,11/26/2019 18:23,11/26/2019 18:23,outreach
137b09e0-4ed1-4f98-94a7-f38a4dd32df8,1/30/2020 14:24,1/30/2020 14:24,outreach
13955213-e04b-46be-9f15-195207946bb1,12/2/2019 13:37,12/2/2019 13:37,outreach
13a264f9-5737-4797-b170-b85c9c04b89b,1/21/2020 13:43,1/21/2020 13:43,outreach
13ac748d-3b7d-4ee1-8ea2-a6104ebb4a03,1/17/2020 14:54,1/17/2020 14:54,outreach
13cde47a-16f0-4049-9c46-363b491dd0b1,1/20/2020 15:38,1/20/2020 15:38,outreach
13eddc3d-bf46-4f6c-a186-7ba0ab1c410f,12/16/2019 14:25,12/16/2019 14:25,outreach
145f1538-0925-40bd-9bd0-322f30c8f738,2/6/2020 12:49,2/6/2020 12:49,outreach
1466391a-491c-4ebf-9679-b4c74b68c44c,2/16/2018 17:05,2/16/2018 17:05,outreach
147d6334-73cf-47ae-bf8e-e691e60ff33d,3/30/2018 16:30,3/30/2018 16:30,outreach
14852b1f-85eb-464a-807e-2f526b0278ca,1/27/2020 13:22,1/27/2020 13:22,outreach
149eb139-45d0-47b2-a433-e7675b5545c9,1/27/2020 19:41,1/27/2020 19:41,outreach
14a5abcd-62e5-4792-acec-c122c77f52f6,1/20/2020 14:53,1/20/2020 14:53,outreach
14aa05f0-6352-47c3-8e8f-ce380c277308,12/19/2019 14:07,12/19/2019 14:07,outreach
14b57afb-e6c5-498f-89f4-8c2679d25924,6/1/2018 16:18,6/1/2018 16:18,outreach
14c88dd1-1d01-4258-b52a-044a94cfffad,12/10/2020 18:24,12/10/2020 18:24,outreach
14f75475-fe2b-4b1d-9f47-38d52fb94746,2/4/2020 15:51,2/4/2020 15:51,outreach
15156fcb-3cf2-439a-a776-3145959ab02b,12/2/2019 14:12,12/2/2019 14:12,outreach
152ac2da-1bb8-45e4-be62-ae2e415bf75a,2/5/2020 12:01,2/5/2020 12:01,outreach
153cc3d9-39b1-4a4f-9fda-b0048d7e8bb7,1/21/2020 16:13,1/21/2020 16:13,outreach
1546588c-699b-4beb-b056-1aa1b43300d8,12/2/2019 13:35,12/2/2019 13:35,outreach
15725013-19c3-468c-bd7b-80b7ffbc699c,1/2/2020 15:36,1/2/2020 15:36,outreach
1580ee79-1012-4334-affa-40d153ce28e8,12/2/2019 18:45,12/2/2019 18:45,outreach
15a05669-05ef-4968-aba2-f4263d18c70e,1/21/2020 13:44,1/21/2020 13:44,outreach
15b89832-ee72-4154-aaba-89abeac744cc,2/15/2018 16:11,2/15/2018 16:11,outreach
15d4cac2-9237-4484-b5ef-6168bbb3a371,1/22/2020 15:53,1/22/2020 15:53,outreach
16021e8e-11c2-4a48-87ff-03eeed315a04,1/29/2018 22:23,1/29/2018 22:23,outreach
161bd334-5836-4900-8bb3-83478bd53648,3/7/2018 16:27,3/7/2018 16:27,outreach
16205330-c106-4cb4-9c38-ae14ea16c7e2,3/22/2018 16:48,3/22/2018 16:48,outreach
162eda40-21c7-4ba2-8811-51945ae98454,1/20/2020 15:36,1/20/2020 15:36,outreach
167083dd-27e0-4828-9591-234efabb4ef0,1/30/2020 13:55,1/30/2020 13:55,outreach
1686b244-2943-40f4-9908-045eed6bd9d5,1/27/2020 13:43,1/27/2020 13:43,outreach
168e80bc-5dbd-4762-b959-55630cde5ef1,1/30/2020 13:16,1/30/2020 13:16,outreach
169362fb-c680-4857-9ebe-71c200b66581,2/9/2018 3:53,2/9/2018 3:53,outreach
16a0c4a4-2b97-4bcd-9955-45f313784dc3,12/2/2019 13:34,12/2/2019 13:34,outreach
16a29abe-10c7-4efe-a2ff-e38f5df6f6fa,2/4/2020 15:59,2/4/2020 15:59,outreach
16ad8f73-92d9-4eb1-9f8c-874b16630438,1/13/2020 13:56,1/13/2020 13:56,outreach
16b058ed-af74-4277-a6d8-f9f5a5b00778,1/27/2020 13:21,1/27/2020 13:21,outreach
16b1bb79-8d1e-4352-988b-2a17512c3cc6,11/26/2019 14:58,11/26/2019 14:58,outreach
16c84256-f864-4d6c-b5da-9818c159adc9,6/25/2018 14:57,6/25/2018 14:57,outreach
16cb9034-c1bb-4fbf-b3a9-d703f3a80bd3,1/13/2020 20:02,1/13/2020 20:02,outreach
16ccf0bd-37dd-451d-a3cd-bc2b39ac2572,2/9/2018 16:54,2/9/2018 16:54,outreach
16ecba18-87c8-4ffe-b275-4726f293cc9d,3/28/2018 16:50,3/28/2018 16:50,outreach
16f3aff8-8d9f-4844-905c-1fdc70a4875e,2/5/2020 14:28,2/5/2020 14:28,outreach
16f6f8aa-024f-48ca-ae24-2ff4d18da3c5,12/5/2019 14:54,12/5/2019 14:54,outreach
16f98824-0ac6-4cd6-a457-dd4034a9782e,2/5/2020 14:26,2/5/2020 14:26,outreach
170a73f6-dcc0-4ec1-98ca-32b197d5e31d,2/8/2018 17:11,2/8/2018 17:11,outreach
1715d2be-9741-464c-9c5e-ed3845c3b0cb,2/8/2018 16:50,2/8/2018 16:50,outreach
17323234-3308-457f-aec8-499fc13dd076,2/1/2018 23:38,2/1/2018 23:38,outreach
17554f78-46b7-4981-a68e-ad36ee58cde8,1/29/2020 13:24,1/29/2020 13:24,outreach
1777c913-742c-4b26-892f-4d3de98b1bf5,12/2/2019 14:05,12/2/2019 14:05,outreach
17824658-727d-47ef-9323-dee64fe8049c,1/13/2020 14:36,1/13/2020 14:36,outreach
17bb41e9-bd0a-4a99-805d-c7dc03a39770,11/26/2019 15:14,11/26/2019 15:14,outreach
17ca11e0-48e5-4fe5-929e-134fcdd4df08,2/15/2018 17:54,2/15/2018 17:54,outreach
17f1867a-1646-4723-9e74-f6361ce4ef4a,2/3/2020 21:31,2/3/2020 21:31,outreach
1814f331-1d9d-45c5-843b-35d7f45345ac,2/16/2018 17:21,2/16/2018 17:21,outreach
181d1436-927b-4567-bf4c-92cf582be195,1/13/2020 14:33,1/13/2020 14:33,outreach
1842411d-bfc3-4b55-ad9a-e1a029a64551,1/6/2020 13:55,1/6/2020 13:55,outreach
184a2a3c-f5d6-4717-a9a5-329d8471a745,12/2/2019 14:11,12/2/2019 14:11,outreach
18543efe-c188-4533-8682-76126d5dc3c6,12/2/2019 13:37,12/2/2019 13:37,outreach
186c238d-c21c-43eb-b9a0-aa3ee39db96b,1/27/2020 18:54,1/27/2020 18:54,outreach
18782675-6a63-4beb-b311-8f37be4578f5,3/21/2018 15:45,3/21/2018 15:45,outreach
18aff05e-269a-4597-9e00-a961169be2ba,7/4/2018 13:54,7/4/2018 13:54,outreach
18b8d10b-6bd2-4392-9a62-a5edfbf096f8,2/28/2018 17:05,2/28/2018 17:05,outreach
18c7a5f7-8d6a-4817-8c08-c8197d1f4666,1/13/2020 14:22,1/13/2020 14:22,outreach
18d086d2-56d2-472f-9373-bd1c4c769f04,1/21/2020 13:43,1/21/2020 13:43,outreach
18dc257b-4928-4aac-8883-a0cd1cb7de00,9/12/2018 13:13,9/12/2018 13:13,outreach
18e77f90-33e3-4faa-be16-ce7284e03b2c,2/3/2020 21:37,2/3/2020 21:37,outreach
18e87f7d-7802-4903-b210-a7abe0ca3767,1/2/2020 19:39,1/2/2020 19:39,outreach
18f3dc45-58f7-489c-8335-d1d84f5d237f,4/12/2018 15:51,4/12/2018 15:51,outreach
18fd262d-5639-467a-9b93-0948c22fd6fb,7/4/2018 13:55,7/4/2018 13:55,outreach
19120cc4-111f-441f-b610-1598cbecb14b,12/30/2019 13:23,12/30/2019 13:23,outreach
192203c7-957c-45fa-8462-0ff31b9a43fd,1/13/2020 14:33,1/13/2020 14:33,outreach
1932875e-0000-4f33-9c30-efd6baf6397d,1/2/2020 15:14,1/2/2020 15:14,outreach
1938f255-650d-45ad-9c02-832ab109ae4a,1/30/2020 14:19,1/30/2020 14:19,outreach
1943c58e-060a-43e2-b456-ef9731c13936,12/26/2019 13:27,12/26/2019 13:27,outreach
1949357a-e046-4eb6-bb8b-9779a9574d78,1/9/2020 18:47,1/9/2020 18:47,outreach
1950983b-015e-411a-ac54-0aa752c64582,11/25/2019 15:54,11/25/2019 15:54,outreach
197449ba-4f42-4f2b-92af-d1d0e5d7d60d,4/17/2018 15:24,4/17/2018 15:24,outreach
198f2518-18b4-4bd8-b7a9-dfe8753bb5e4,4/3/2018 15:47,4/3/2018 15:47,outreach
19aa1dc6-6a1b-4e99-8475-c5c33b73ebbe,12/9/2019 17:03,12/9/2019 17:03,outreach
19bf2ef0-07e0-45cf-be23-9ae1f37346dd,2/4/2020 16:38,2/4/2020 16:38,outreach
19c2bbe1-b312-4e10-bfbb-bd4f2c2b5e1d,1/22/2020 17:43,1/22/2020 17:43,outreach
19f7997f-886b-438b-b92a-e98f2d5e251f,2/7/2018 0:16,2/7/2018 0:16,outreach
1a069325-c19e-48c7-881e-338fa3298628,1/13/2020 15:15,1/13/2020 15:15,outreach
1a3c7643-258d-460e-b3ff-6817db30d852,3/21/2018 15:44,3/21/2018 15:44,outreach
1a5b94e7-ac53-4e5a-ac07-e7ad827f5f6b,1/13/2020 14:25,1/13/2020 14:25,outreach
1a8b0d53-4adf-4aec-8f66-1e766cba9d91,2/1/2018 23:24,2/1/2018 23:24,outreach
1aab42c6-e8cb-4854-82af-33df971be63e,12/2/2019 13:29,12/2/2019 13:29,outreach
1aabc4ff-6eab-49cb-a30d-b022469faade,11/25/2019 15:03,11/25/2019 15:03,outreach
1ade1d8a-b0fe-4fe2-896c-c099689a0d64,1/13/2020 14:38,1/13/2020 14:38,outreach
1b0b77f5-4556-4355-b17e-6180dbc7ca86,12/23/2019 14:41,12/23/2019 14:41,outreach
1b0dc6eb-ef2b-4fc1-83c0-895c58110caa,12/9/2019 13:07,12/9/2019 13:07,outreach
1b2a7975-200e-463c-adab-9b1cf6a4b489,1/17/2020 14:54,1/17/2020 14:54,outreach
1b2faa8b-d235-48bd-8634-c3f7169632fa,11/25/2019 18:12,11/25/2019 18:12,outreach
1b6ab58e-6991-43a2-b9ee-5fdbc2588ee9,3/15/2018 15:27,3/15/2018 15:27,outreach
1b7025f1-7baa-4f9b-b85a-fda7b587c4c2,3/7/2018 16:30,3/7/2018 16:30,outreach
1b88b198-4aa8-422c-8dc5-daab55b57f3c,1/30/2020 17:15,1/30/2020 17:15,outreach
1b999c5b-5090-4989-99a5-0bff5c51f915,2/28/2018 17:58,2/28/2018 17:58,outreach
1bb902f0-00d1-47c4-8603-5bc8a88c0576,11/28/2018 20:01,11/28/2018 20:01,outreach
1bc3c02e-1503-485c-938e-c9f63a062760,2/28/2018 17:45,2/28/2018 17:45,outreach
1bc75663-09ba-4e59-9094-4657d6b74197,11/25/2019 16:29,11/25/2019 16:29,outreach
1be955ad-5b9e-4f1f-b76d-b6e8c9e563fc,11/25/2019 15:09,11/25/2019 15:09,outreach
1beaee19-0ff9-4fea-96a1-a3941b2984e9,11/25/2019 16:03,11/25/2019 16:03,outreach
1beb2817-73ed-482b-b737-1cdc76120cd6,11/25/2019 15:10,11/25/2019 15:10,outreach
1c15addf-c593-4e97-9a13-9fc79f2a0053,12/9/2019 13:01,12/9/2019 13:01,outreach
1c63d153-673f-45af-a463-e8a04a70982a,3/7/2018 16:30,3/7/2018 16:30,outreach
1c7c0887-0539-40c0-916a-07d8612df43a,2/13/2018 22:56,2/13/2018 22:56,outreach
1c9c2114-ee4f-4867-b8c5-b15692dc1904,1/27/2020 13:41,1/27/2020 13:41,outreach
1cb2f730-63b0-4271-a93b-b4239f6ba77c,12/16/2019 10:22,12/16/2019 10:22,outreach
1cc14048-c6de-4199-b593-d2ffed59893e,1/30/2020 13:55,1/30/2020 13:55,outreach
1cc19053-afc5-4489-8650-e44f949ce339,1/17/2020 14:57,1/17/2020 14:57,outreach
1cfaf412-f2e2-485a-8124-9a6ee7bf617b,1/13/2020 14:25,1/13/2020 14:25,outreach
1cfeca15-bd06-427b-a46b-b851411da489,4/4/2018 15:30,4/4/2018 15:30,outreach
1d0e3534-5d61-48e6-9ddc-2efd2c0e2d75,12/23/2019 14:38,12/23/2019 14:38,outreach
1d1605c6-34fa-4f84-a788-77327c981a89,2/4/2020 16:30,2/4/2020 16:30,outreach
1d428af4-2bbe-437d-9e7c-13421e8c2684,1/21/2020 16:06,1/21/2020 16:06,outreach
1d571d52-c441-419b-a704-39cfc4d64125,12/16/2019 14:15,12/16/2019 14:15,outreach
1d6e3be7-1a2e-4d88-81ee-c7a0ced2914f,11/25/2019 15:02,11/25/2019 15:02,outreach
1d847536-1db7-4e3e-94bc-a117505b92a2,12/26/2019 13:29,12/26/2019 13:29,outreach
1d8ca8fe-e8f5-489b-8624-d3887594a8b1,2/9/2018 17:05,2/9/2018 17:05,outreach
1dcc75f0-a4e6-4df1-88a3-b663f30926f8,12/9/2019 17:07,12/9/2019 17:07,outreach
1dcd1ce4-adac-4e8b-9b8a-bd608d119269,11/25/2019 15:17,11/25/2019 15:17,outreach
1ddc45f9-12fd-43c4-a042-9268afed6908,2/28/2018 17:17,2/28/2018 17:17,outreach
1df1c6bb-8f0c-4e50-a071-1b60ba8b7c7f,1/9/2020 18:53,1/9/2020 18:53,outreach
1df4ec75-33d9-44df-a092-33657db2da81,12/19/2019 13:11,12/19/2019 13:11,outreach
1e071c1f-2f30-4493-ad08-944ab783442f,1/22/2020 15:54,1/22/2020 15:54,outreach
1e32281b-6d7c-496e-ad1b-16db895890b0,1/27/2020 18:59,1/27/2020 18:59,outreach
1e34640a-bb26-4495-94c2-650343660d19,2/9/2018 4:01,2/9/2018 4:01,outreach
1e438d5d-4b03-4536-887c-b1b2b0aed7ae,11/25/2019 15:19,11/25/2019 15:19,outreach
1e6ccf00-a32d-48b2-9fb0-e888260e6eb5,1/22/2020 14:27,1/22/2020 14:27,outreach
1e7d2aa1-4f7d-4427-8b73-a552f555dba5,3/8/2018 16:40,3/8/2018 16:40,outreach
1e82b8da-e150-4074-99c9-cf7467bd092b,1/31/2020 14:19,1/31/2020 14:19,outreach
1e89269d-780b-473f-9796-c1cc7ef99687,11/26/2019 19:34,11/26/2019 19:34,outreach
1e9e6a10-6e13-42c7-88c9-36b048200aa2,1/22/2020 16:18,1/22/2020 16:18,outreach
1ea0ed0e-99c0-46f0-b0d6-ebcfb7e8374f,1/6/2020 14:01,1/6/2020 14:01,outreach
1ed43d9d-3105-4c30-ac29-aa087cbcf026,2/6/2018 17:53,2/6/2018 17:53,outreach
1eeead11-e3e3-41fa-88de-f01617008a7c,12/19/2019 13:14,12/19/2019 13:14,outreach
1efe84b5-d56b-446b-ac77-e91b0d51ff61,1/30/2020 13:12,1/30/2020 13:12,outreach
1f0c7dd0-1efc-43ca-a7fb-ff89b2011e05,12/23/2019 14:40,12/23/2019 14:40,outreach
1f4de3ca-05bb-4353-a92f-0fd4a7516509,12/23/2019 13:33,12/23/2019 13:33,outreach
1f7d3940-043f-47e2-bf12-5ecf8d749188,1/21/2020 15:31,1/21/2020 15:31,outreach
1fcc7089-5936-42c0-8a47-3373b1c932e2,1/28/2020 16:53,1/28/2020 16:53,outreach
1fd4ab3e-4086-4901-b168-c0684474d68b,1/30/2020 13:47,1/30/2020 13:47,outreach
1fd654cb-5b25-4214-ad10-12d11f077a97,11/25/2019 15:18,11/25/2019 15:18,outreach
2001012a-0e7a-482f-991b-aa2227542a8e,11/25/2019 15:07,11/25/2019 15:07,outreach
20033409-3166-4d88-ac1a-36203514ff19,1/27/2020 13:18,1/27/2020 13:18,outreach
20114f12-3775-4621-9e2a-00b5a16e2bad,12/19/2019 14:06,12/19/2019 14:06,outreach
2018c466-b05b-4401-ab19-cc4bbd4e3716,3/13/2018 16:50,3/13/2018 16:50,outreach
2032c620-ae0f-4b5d-8612-f217d30c03cc,12/19/2019 14:19,12/19/2019 14:19,outreach
2042c58f-e235-48d0-9b47-c0a3f6083bf9,12/19/2019 13:21,12/19/2019 13:21,outreach
20484165-4885-4733-bee2-a03a18001e8c,1/13/2020 14:32,1/13/2020 14:32,outreach
205fbe5b-9b6c-4a2b-9f38-9285d3a812d7,12/2/2019 14:05,12/2/2019 14:05,outreach
2060223e-b696-483d-b6f6-8b9880af2234,12/9/2019 18:46,12/9/2019 18:46,outreach
206f1667-13ef-4e8a-ad1a-8a6e669a206d,2/3/2020 21:08,2/3/2020 21:08,outreach
208100d2-2fed-4380-abf8-89553b181ade,4/10/2018 16:42,4/10/2018 16:42,outreach
208e6faf-a892-4e78-be1d-c4cbf9d6fbf7,1/27/2020 18:54,1/27/2020 18:54,outreach
20a1cad2-3796-4fe6-96c0-c63a4211a058,2/6/2018 17:42,2/6/2018 17:42,outreach
20adc46c-0ed8-4784-af62-08c8d469a3ef,1/30/2020 19:03,1/30/2020 19:03,outreach
20b5247e-de0e-4c0e-81be-dbd3f1281c2d,3/21/2018 15:41,3/21/2018 15:41,outreach
20e3441a-45e3-4569-bc60-a211c4e4f6eb,11/25/2019 15:48,11/25/2019 15:48,outreach
20fe6700-55a6-4263-943b-8b09192c1a23,9/9/2019 18:47,9/9/2019 18:47,outreach
210809f8-8a3f-4ea2-b9bb-33e0cc2ca653,1/30/2020 13:16,1/30/2020 13:16,outreach
211d9d7d-6cfc-4c58-b8df-41c3e53e8d08,11/25/2019 14:45,11/25/2019 14:45,outreach
21322da1-6d0e-44b8-ad6d-5c9633c5f51b,3/15/2018 16:57,3/15/2018 16:57,outreach
21393536-c0ce-4876-9889-95d73d14e195,12/2/2019 14:14,12/2/2019 14:14,outreach
214f876d-4bed-40a1-975e-5c60c4075eab,12/17/2019 15:13,12/17/2019 15:13,outreach
216ec078-9786-45a9-9b43-b363d577843d,11/26/2019 15:12,11/26/2019 15:12,outreach
217f04ca-e007-44a3-9503-7a829c3b1567,12/9/2019 13:00,12/9/2019 13:00,outreach
218ca835-87e6-4714-8ff8-56811b1ed3b7,1/9/2020 18:49,1/9/2020 18:49,outreach
21c916df-56cd-4f58-892e-752a64186521,11/25/2019 15:09,11/25/2019 15:09,outreach
21f636cd-a4de-43d3-900f-e951f430957c,12/19/2019 13:44,12/19/2019 13:44,outreach
221aab95-709e-491f-b474-6773024e4bb1,1/13/2020 14:41,1/13/2020 14:41,outreach
222ab766-b5d5-431d-87be-c27a61806cb3,12/19/2019 12:59,12/19/2019 12:59,outreach
222cff8c-180c-4c7d-a908-0f02e6fbcb67,12/9/2019 13:04,12/9/2019 13:04,outreach
223e74e9-a35c-4706-93fe-c22459d807ee,1/22/2020 21:33,1/22/2020 21:33,outreach
22557e13-a089-42e4-978e-0f161f7723c3,1/20/2020 18:46,1/20/2020 18:46,outreach
2258692e-6b38-4040-9615-9ca7231657fb,1/30/2020 17:45,1/30/2020 17:45,outreach
2258edd5-72ac-49c0-a5dd-a786642905d6,12/19/2019 14:03,12/19/2019 14:03,outreach
22613950-e630-4d93-88f2-03429e75cb65,1/27/2020 13:48,1/27/2020 13:48,outreach
2281adfd-31ad-46f3-83bc-a4d4cdcdaca4,1/13/2020 14:27,1/13/2020 14:27,outreach
22845412-669d-4980-b694-b8709f92f385,12/12/2019 14:03,12/12/2019 14:03,outreach
228c6b84-4a10-4613-8c51-d75f55675a58,12/5/2019 14:56,12/5/2019 14:56,outreach
22919af8-4df2-4eeb-82de-e22070bf1021,3/13/2018 13:13,3/13/2018 13:13,outreach
22ac0f3d-de78-4604-a54c-53d4736b4138,1/13/2020 13:57,1/13/2020 13:57,outreach
22afb357-4a2f-4c2f-8825-435fc59e23d1,1/13/2020 14:32,1/13/2020 14:32,outreach
22b283f3-7786-44b6-9f2a-6142f534a14e,1/20/2020 15:52,1/20/2020 15:52,outreach
2351ab29-46a9-467b-bd95-b5f55ff3c29f,1/30/2020 14:22,1/30/2020 14:22,outreach
2365a493-5f81-47c2-8f14-171339d0aa76,12/9/2019 17:08,12/9/2019 17:08,outreach
237433fc-34f8-4548-8bab-d5a4fbfa35c7,4/12/2018 16:00,4/12/2018 16:00,outreach
23819c63-5c58-4cbc-a6b7-2b979300d9b3,12/30/2019 19:13,12/30/2019 19:13,outreach
23824da2-ee73-46c2-8541-6d82db114952,11/25/2019 15:14,11/25/2019 15:14,outreach
2399caa0-aec4-4af1-b482-88054fb14120,2/15/2018 16:35,2/15/2018 16:35,outreach
23b73c90-8b82-401a-a329-0251390f78e3,4/18/2018 14:26,4/18/2018 14:26,outreach
23e77187-bcd8-4ff6-af38-e499a26f0702,4/6/2018 16:25,4/6/2018 16:25,outreach
24020b3c-86bf-468b-a893-3f35ec925662,1/27/2020 19:03,1/27/2020 19:03,outreach
24286483-5f6b-4fff-81c2-e41a3738872a,1/21/2020 16:10,1/21/2020 16:10,outreach
24403171-fe2b-4d36-a0d2-a5a20733d525,2/15/2018 16:36,2/15/2018 16:36,outreach
2450d3f8-27f2-411a-ba70-dc33fc495396,11/25/2019 15:41,11/25/2019 15:41,outreach
2474d0a4-22d1-457a-bba5-34b5c3af924e,1/2/2020 15:13,1/2/2020 15:13,outreach
248724e6-f6e7-4e26-a14a-e6c5df493696,12/5/2019 14:55,12/5/2019 14:55,outreach
2491e5d2-946c-4fe3-b0ab-950ca9a1fe88,12/26/2019 13:27,12/26/2019 13:27,outreach
24e44892-e3b5-48f8-a33d-d8c22e4a90ae,12/18/2019 14:47,12/18/2019 14:47,outreach
24f07bae-187a-4113-be73-379f4f307a68,1/22/2020 17:33,1/22/2020 17:33,outreach
250e8dfe-1326-4d8d-8f48-308fed8dd241,1/27/2020 13:20,1/27/2020 13:20,outreach
251cfb4d-ea22-4940-86e7-afc7d7098644,4/3/2018 15:45,4/3/2018 15:45,outreach
252f44d6-8643-4d7d-a75a-09e063d4b089,3/12/2018 16:14,3/12/2018 16:14,outreach
253fc34f-50b4-4557-ace7-956cd5ddf9a0,1/30/2020 14:24,1/30/2020 14:24,outreach
2542e045-c6db-4e25-b5d4-261068d29aac,1/13/2020 14:28,1/13/2020 14:28,outreach
2552004f-97a2-47fe-8088-429e1f5f91bd,1/13/2020 13:31,1/13/2020 13:31,outreach
258bea3f-7c4c-412b-ba84-a8b8b37359e7,12/23/2019 14:41,12/23/2019 14:41,outreach
25acffe5-dff0-4fb2-b362-c72d6472b330,3/12/2018 16:22,3/12/2018 16:22,outreach
25b60e31-6a44-4bc9-b99d-20068c22b95e,2/13/2018 17:03,2/13/2018 17:03,outreach
25bcc984-a9e6-4b79-90cf-4e1cfb060f36,12/2/2019 14:14,12/2/2019 14:14,outreach
260921fd-ea57-48a7-807e-f74792a2a38e,2/6/2020 12:55,2/6/2020 12:55,outreach
261a1a41-c363-42c2-9afb-f9cc0a37ed16,1/6/2020 14:02,1/6/2020 14:02,outreach
261fd0b3-51f2-45fd-855e-1bbd3e301195,1/30/2020 18:55,1/30/2020 18:55,outreach
2635385d-2361-464c-831b-b3fdeb7d3d93,1/21/2020 16:05,1/21/2020 16:05,outreach
263b2432-1e1f-4788-9c6e-309ca7a4f269,2/6/2020 12:50,2/6/2020 12:50,outreach
265b4a30-17f7-4a14-9603-2443bb9d86a1,12/19/2019 13:34,12/19/2019 13:34,outreach
266cdce8-c8f5-4848-a488-90e6c0a0a78d,2/5/2020 14:46,2/5/2020 14:46,outreach
266f9886-7ab6-4af9-baff-c48c6e65a033,12/19/2019 12:47,12/19/2019 12:47,outreach
267f0b5c-c0d4-4413-8640-6928a25ee70e,2/9/2018 0:03,2/9/2018 0:03,outreach
268bdccb-1c61-4473-b511-d73753e6d8de,4/10/2018 15:30,4/10/2018 15:30,outreach
26cb76fb-91f4-404f-a76d-1bebc6f14f21,1/13/2020 14:21,1/13/2020 14:21,outreach
26d1a896-3d1f-43a1-926f-2c19b21d6338,2/8/2018 23:59,2/8/2018 23:59,outreach
26e0eacc-4d58-4843-820d-4ad6c0bd419b,5/22/2019 9:16,5/22/2019 9:16,outreach
2710a9e1-860c-4369-8e21-699fd93a6293,1/13/2020 13:56,1/13/2020 13:56,outreach
27526915-65ae-431e-a488-3a21c5b86295,2/21/2018 16:46,2/21/2018 16:46,outreach
2762825d-a367-445d-8cc0-66a4d66b51bf,12/19/2019 13:21,12/19/2019 13:21,outreach
277f2340-2eb5-46c3-a5e3-896705aa7f01,12/9/2019 13:05,12/9/2019 13:05,outreach
27a56d03-3aee-4854-91e8-ca6ca6831196,2/6/2020 12:54,2/6/2020 12:54,outreach
27cd2c8e-38b1-404a-9341-e6672dc4ba04,1/30/2018 16:47,1/30/2018 16:47,outreach
27e30066-8089-4fe5-b3f9-d41c7e96660b,12/9/2019 17:12,12/9/2019 17:12,outreach
282cc4f5-0c6e-46ad-96c2-b0873076bbf1,2/23/2018 17:15,2/23/2018 17:15,outreach
2852da41-4e3a-48b9-a770-9ec6136ead94,1/21/2020 16:06,1/21/2020 16:06,outreach
28720b93-9cf8-4f89-9720-bd82219eecb3,12/19/2019 13:37,12/19/2019 13:37,outreach
287c0918-eb04-48c6-afc8-ab7e426a9412,3/15/2018 15:26,3/15/2018 15:26,outreach
2883e4e2-f98c-4d51-a061-8f85b1f46b4d,12/30/2019 19:30,12/30/2019 19:30,outreach
28974ebe-48e4-49e4-8afd-01ff6eb62a41,1/21/2020 16:09,1/21/2020 16:09,outreach
28a35950-aa95-4057-8216-e6511f2883ee,1/17/2020 14:57,1/17/2020 14:57,outreach
28c0ada1-a3ab-4453-bb52-4e6f8e403248,10/18/2019 12:38,10/18/2019 12:38,outreach
28c353ef-cbe3-4642-9999-82191956d12f,12/9/2019 17:13,12/9/2019 17:13,outreach
28dcddc9-1992-4c74-a264-7f0606208ee8,2/4/2020 16:29,2/4/2020 16:29,outreach
28ea4825-cd63-4734-a359-afcab0532be5,6/1/2018 16:15,6/1/2018 16:15,outreach
28f38166-d33c-447a-9f91-ae6c0db94b5f,5/22/2019 9:14,5/22/2019 9:14,outreach
2904e406-dd42-4510-9f46-a57e6a788c2c,1/20/2020 15:38,1/20/2020 15:38,outreach
2905885d-7e62-4659-bc33-88ffd44ab0fa,6/25/2018 16:08,6/25/2018 16:08,outreach
290b3068-7240-4506-bbe1-9c09f7dfd5f7,12/2/2019 14:06,12/2/2019 14:06,outreach
291f7420-b4db-45f1-b96c-3314308385da,12/9/2019 17:06,12/9/2019 17:06,outreach
2922d081-eb58-4592-8715-026c6a2adca9,1/27/2020 18:54,1/27/2020 18:54,outreach
2936fd35-19fd-49e3-9ba8-d536af395f93,1/20/2020 14:51,1/20/2020 14:51,outreach
293d651b-b7bd-43f4-90da-d2e36723051d,2/6/2020 12:51,2/6/2020 12:51,outreach
297571eb-b7bd-4698-9238-e997a9db53ac,12/16/2019 14:14,12/16/2019 14:14,outreach
298858a0-b1f8-442a-8d05-1503cdb4ca95,12/9/2019 13:03,12/9/2019 13:03,outreach
299f7cad-da8a-4d56-ad50-13b585369dc1,8/30/2018 9:14,8/30/2018 9:14,outreach
29b46182-222a-4e04-9ad5-66cf7cd28f74,12/9/2019 13:10,12/9/2019 13:10,outreach
29c5f6b1-9df3-44a3-8a81-8c34075ed405,2/16/2018 16:58,2/16/2018 16:58,outreach
29e7c214-d7f6-4e96-9988-2cce99ab9f47,12/9/2019 17:07,12/9/2019 17:07,outreach
29ea251c-37ec-4e6c-a051-fb2b0d9e1d19,4/3/2018 15:29,4/3/2018 15:29,outreach
29efacf0-2f21-4961-80a1-505a156c3709,2/6/2018 1:33,2/6/2018 1:33,outreach
